[{"model": "admin.logentry", "pk": 1, "fields": {"action_time": "2026-04-16T11:29:08.118Z", "user": 1, "content_type": 7, "object_id": "1", "object_repr": "1ère AS", "action_flag": 1, "change_message": "[{\"added\": {}}]"}}, {"model": "admin.logentry", "pk": 2, "fields": {"action_time": "2026-04-16T11:29:19.251Z", "user": 1, "content_type": 7, "object_id": "2", "object_repr": "2ème AS", "action_flag": 1, "change_message": "[{\"added\": {}}]"}}, {"model": "admin.logentry", "pk": 3, "fields": {"action_time": "2026-04-16T11:29:30.706Z", "user": 1, "content_type": 7, "object_id": "3", "object_repr": "3ème AS", "action_flag": 1, "change_message": "[{\"added\": {}}]"}}, {"model": "admin.logentry", "pk": 4, "fields": {"action_time": "2026-04-16T11:29:46.656Z", "user": 1, "content_type": 7, "object_id": "4", "object_repr": "1ère AM", "action_flag": 1, "change_message": "[{\"added\": {}}]"}}, {"model": "admin.logentry", "pk": 5, "fields": {"action_time": "2026-04-16T11:29:59.446Z", "user": 1, "content_type": 7, "object_id": "5", "object_repr": "2ème AM", "action_flag": 1, "change_message": "[{\"added\": {}}]"}}, {"model": "admin.logentry", "pk": 6, "fields": {"action_time": "2026-04-16T11:30:11.627Z", "user": 1, "content_type": 7, "object_id": "6", "object_repr": "3ème AM", "action_flag": 1, "change_message": "[{\"added\": {}}]"}}, {"model": "admin.logentry", "pk": 7, "fields": {"action_time": "2026-04-16T11:30:24.187Z", "user": 1, "content_type": 7, "object_id": "7", "object_repr": "4ème AM", "action_flag": 1, "change_message": "[{\"added\": {}}]"}}, {"model": "admin.logentry", "pk": 8, "fields": {"action_time": "2026-04-16T11:31:19.760Z", "user": 1, "content_type": 12, "object_id": "1", "object_repr": "Mathématiques", "action_flag": 1, "change_message": "[{\"added\": {}}]"}}, {"model": "admin.logentry", "pk": 9, "fields": {"action_time": "2026-04-16T11:31:33.773Z", "user": 1, "content_type": 12, "object_id": "2", "object_repr": "Tronc commun scientifique", "action_flag": 1, "change_message": "[{\"added\": {}}]"}}, {"model": "admin.logentry", "pk": 10, "fields": {"action_time": "2026-04-16T11:32:01.100Z", "user": 1, "content_type": 12, "object_id": "3", "object_repr": "Tronc commun littéraire", "action_flag": 1, "change_message": "[{\"added\": {}}]"}}, {"model": "admin.logentry", "pk": 11, "fields": {"action_time": "2026-04-16T11:32:24.852Z", "user": 1, "content_type": 12, "object_id": "4", "object_repr": "Scientifique", "action_flag": 1, "change_message": "[{\"added\": {}}]"}}, {"model": "admin.logentry", "pk": 12, "fields": {"action_time": "2026-04-16T11:33:25.686Z", "user": 1, "content_type": 9, "object_id": "1", "object_repr": "Mathématiques", "action_flag": 1, "change_message": "[{\"added\": {}}]"}}, {"model": "admin.logentry", "pk": 13, "fields": {"action_time": "2026-04-16T11:35:51.899Z", "user": 1, "content_type": 9, "object_id": "2", "object_repr": "Physique", "action_flag": 1, "change_message": "[{\"added\": {}}]"}}, {"model": "admin.logentry", "pk": 14, "fields": {"action_time": "2026-04-16T11:36:21.699Z", "user": 1, "content_type": 9, "object_id": "3", "object_repr": "Arabe", "action_flag": 1, "change_message": "[{\"added\": {}}]"}}, {"model": "admin.logentry", "pk": 15, "fields": {"action_time": "2026-04-16T17:16:17.513Z", "user": 1, "content_type": 8, "object_id": "1", "object_repr": "Ahmed Benali", "action_flag": 1, "change_message": "[{\"added\": {}}]"}}, {"model": "admin.logentry", "pk": 16, "fields": {"action_time": "2026-04-16T17:21:34.577Z", "user": 1, "content_type": 8, "object_id": "2", "object_repr": "Abdelhafid Chadli", "action_flag": 1, "change_message": "[{\"added\": {}}]"}}, {"model": "admin.logentry", "pk": 17, "fields": {"action_time": "2026-04-19T09:33:30.825Z", "user": 1, "content_type": 11, "object_id": "1", "object_repr": "Cours1: les fonctions", "action_flag": 1, "change_message": "[{\"added\": {}}]"}}, {"model": "admin.logentry", "pk": 18, "fields": {"action_time": "2026-04-19T09:36:09.372Z", "user": 1, "content_type": 11, "object_id": "2", "object_repr": "Cours1: les lois de la physique", "action_flag": 1, "change_message": "[{\"added\": {}}]"}}, {"model": "admin.logentry", "pk": 19, "fields": {"action_time": "2026-04-19T10:15:00.582Z", "user": 1, "content_type": 11, "object_id": "1", "object_repr": "Cours1: les fonctions", "action_flag": 2, "change_message": "[{\"changed\": {\"fields\": [\"Url hebergement\"]}}]"}}, {"model": "admin.logentry", "pk": 20, "fields": {"action_time": "2026-04-19T10:43:31.249Z", "user": 1, "content_type": 11, "object_id": "1", "object_repr": "Cours1: les fonctions", "action_flag": 2, "change_message": "[]"}}, {"model": "admin.logentry", "pk": 21, "fields": {"action_time": "2026-04-19T10:44:35.995Z", "user": 1, "content_type": 11, "object_id": "2", "object_repr": "Cours1: les lois de la physique", "action_flag": 2, "change_message": "[{\"changed\": {\"fields\": [\"Url hebergement\"]}}]"}}, {"model": "admin.logentry", "pk": 22, "fields": {"action_time": "2026-04-19T10:46:32.896Z", "user": 1, "content_type": 11, "object_id": "3", "object_repr": "les variables", "action_flag": 1, "change_message": "[{\"added\": {}}]"}}, {"model": "admin.logentry", "pk": 23, "fields": {"action_time": "2026-04-19T10:47:45.906Z", "user": 1, "content_type": 11, "object_id": "4", "object_repr": "les cercles", "action_flag": 1, "change_message": "[{\"added\": {}}]"}}, {"model": "admin.logentry", "pk": 24, "fields": {"action_time": "2026-04-19T10:51:36.796Z", "user": 1, "content_type": 10, "object_id": "1", "object_repr": "Pack annuel Maths 1ère AS - 2500 DA", "action_flag": 1, "change_message": "[{\"added\": {}}]"}}, {"model": "admin.logentry", "pk": 25, "fields": {"action_time": "2026-04-19T10:53:30.248Z", "user": 1, "content_type": 13, "object_id": "1", "object_repr": "Pack annuel Maths 1ère AS - Cours1: les fonctions", "action_flag": 1, "change_message": "[{\"added\": {}}]"}}, {"model": "admin.logentry", "pk": 26, "fields": {"action_time": "2026-04-19T10:55:52.595Z", "user": 1, "content_type": 13, "object_id": "1", "object_repr": "Pack annuel Maths 1ère AS - Cours1: les fonctions", "action_flag": 2, "change_message": "[]"}}, {"model": "admin.logentry", "pk": 27, "fields": {"action_time": "2026-04-19T10:56:33.006Z", "user": 1, "content_type": 13, "object_id": "2", "object_repr": "Pack annuel Maths 1ère AS - les variables", "action_flag": 1, "change_message": "[{\"added\": {}}]"}}, {"model": "admin.logentry", "pk": 28, "fields": {"action_time": "2026-04-19T10:56:47.430Z", "user": 1, "content_type": 13, "object_id": "1", "object_repr": "Pack annuel Maths 1ère AS - Cours1: les fonctions", "action_flag": 2, "change_message": "[]"}}, {"model": "admin.logentry", "pk": 29, "fields": {"action_time": "2026-04-19T10:59:15.223Z", "user": 1, "content_type": 10, "object_id": "2", "object_repr": "Pack semestriel physique 1ère AS - 1500 DA", "action_flag": 1, "change_message": "[{\"added\": {}}]"}}, {"model": "admin.logentry", "pk": 30, "fields": {"action_time": "2026-04-19T10:59:34.404Z", "user": 1, "content_type": 13, "object_id": "3", "object_repr": "Pack semestriel physique 1ère AS - Cours1: les lois de la physique", "action_flag": 1, "change_message": "[{\"added\": {}}]"}}, {"model": "admin.logentry", "pk": 31, "fields": {"action_time": "2026-04-19T10:59:51.164Z", "user": 1, "content_type": 13, "object_id": "4", "object_repr": "Pack semestriel physique 1ère AS - les cercles", "action_flag": 1, "change_message": "[{\"added\": {}}]"}}, {"model": "admin.logentry", "pk": 32, "fields": {"action_time": "2026-04-19T11:14:07.170Z", "user": 1, "content_type": 10, "object_id": "1", "object_repr": "Pack annuel Maths 1ère AS - 2500.00 DA", "action_flag": 2, "change_message": "[{\"changed\": {\"fields\": [\"Matieres\"]}}]"}}, {"model": "admin.logentry", "pk": 33, "fields": {"action_time": "2026-04-19T14:02:52.805Z", "user": 1, "content_type": 11, "object_id": "2", "object_repr": "Cours1: les lois de la physique", "action_flag": 2, "change_message": "[{\"changed\": {\"fields\": [\"Url hebergement\"]}}]"}}, {"model": "admin.logentry", "pk": 34, "fields": {"action_time": "2026-04-19T14:03:08.927Z", "user": 1, "content_type": 11, "object_id": "4", "object_repr": "les cercles", "action_flag": 2, "change_message": "[{\"changed\": {\"fields\": [\"Url hebergement\"]}}]"}}, {"model": "admin.logentry", "pk": 35, "fields": {"action_time": "2026-04-19T14:03:22.429Z", "user": 1, "content_type": 11, "object_id": "3", "object_repr": "les variables", "action_flag": 2, "change_message": "[{\"changed\": {\"fields\": [\"Url hebergement\"]}}]"}}, {"model": "admin.logentry", "pk": 36, "fields": {"action_time": "2026-04-19T14:03:40.752Z", "user": 1, "content_type": 11, "object_id": "1", "object_repr": "Cours1: les fonctions", "action_flag": 2, "change_message": "[{\"changed\": {\"fields\": [\"Url hebergement\"]}}]"}}, {"model": "admin.logentry", "pk": 37, "fields": {"action_time": "2026-04-19T14:10:05.236Z", "user": 1, "content_type": 11, "object_id": "1", "object_repr": "Cours1: les fonctions", "action_flag": 2, "change_message": "[{\"changed\": {\"fields\": [\"Url hebergement\"]}}]"}}, {"model": "admin.logentry", "pk": 38, "fields": {"action_time": "2026-04-19T14:33:44.927Z", "user": 1, "content_type": 11, "object_id": "3", "object_repr": "les variables", "action_flag": 2, "change_message": "[{\"changed\": {\"fields\": [\"Ordre\"]}}]"}}, {"model": "admin.logentry", "pk": 39, "fields": {"action_time": "2026-04-20T15:35:18.506Z", "user": 1, "content_type": 6, "object_id": "3", "object_repr": "chadli Batoul ()", "action_flag": 3, "change_message": ""}}, {"model": "admin.logentry", "pk": 40, "fields": {"action_time": "2026-04-23T11:00:09.580Z", "user": 1, "content_type": 16, "object_id": "5", "object_repr": "haffados3 - Pack annuel Maths 1ère AS", "action_flag": 2, "change_message": "[{\"changed\": {\"fields\": [\"Date expiration\"]}}]"}}, {"model": "admin.logentry", "pk": 41, "fields": {"action_time": "2026-04-23T11:07:42.907Z", "user": 1, "content_type": 16, "object_id": "1", "object_repr": "haffados - Pack annuel Maths 1ère AS", "action_flag": 2, "change_message": "[{\"changed\": {\"fields\": [\"Date expiration\"]}}]"}}, {"model": "sessions.session", "pk": "042cumidpyj0mbwj2uzt308um38phrp1", "fields": {"session_data": ".eJxVjEsOwjAMBe-SNYrSOg4OS_acobLjlBZQIvWzQtydVuoCtm9m3tt0vC5Dt8556kY1F9OY0-8mnJ657EAfXO7VplqWaRS7K_ags71Vza_r4f4dDDwPWy0tZASmJjTAXj07cSmqyySsJE7PmACpj7gJATEg9BB9yhAotkTm8wXZ9zcc:1wFdVw:NaZZOa1rbYSvJ7W_xuOkTmeCXexWI2_aPciwRBwKBmY", "expire_date": "2026-04-22T20:15:36.159Z"}}, {"model": "sessions.session", "pk": "31udldnckpu9nv0j53qjc6vejjgpn1zr", "fields": {"session_data": ".eJxVjMEOwiAQRP-FsyHAsoV69N5vILtApWpoUtqT8d9tkx70Npn3Zt4i0LaWsLW8hCmJq9Di8tsxxWeuB0gPqvdZxrmuy8TyUORJmxzmlF-30_07KNTKvu4BHVqbMeM4eogQrbUaNKccHWnwMaUOyTAzotqTMsYROeehUz1o8fkC1kk3Nw:1wFIGu:g3U91QOESW2jnG5OIvmYVx42PCJkA9q7iM8k_K1W9AY", "expire_date": "2026-04-21T21:34:40.524Z"}}, {"model": "sessions.session", "pk": "4qrk7q3g9akmvqev6zwfwp7texblu423", "fields": {"session_data": ".eJxVjEsOwjAMBe-SNYrSOg4OS_acobLjlBZQIvWzQtydVuoCtm9m3tt0vC5Dt8556kY1F9OY0-8mnJ657EAfXO7VplqWaRS7K_ags71Vza_r4f4dDDwPWy0tZASmJjTAXj07cSmqyySsJE7PmACpj7gJATEg9BB9yhAotkTm8wXZ9zcc:1wFfPp:Gpk08AtYfwPm-CFhigZa03GZtAGV87FPkOyM87_OlHI", "expire_date": "2026-04-22T22:17:25.459Z"}}, {"model": "sessions.session", "pk": "azh0e8366dvqxiqnpyw4wun0yje1er0x", "fields": {"session_data": ".eJxVjEsOwjAMBe-SNYrSOg4OS_acobLjlBZQIvWzQtydVuoCtm9m3tt0vC5Dt8556kY1F9OY0-8mnJ657EAfXO7VplqWaRS7K_ags71Vza_r4f4dDDwPWy0tZASmJjTAXj07cSmqyySsJE7PmACpj7gJATEg9BB9yhAotkTm8wXZ9zcc:1wEU7C:zL5fpezokUuD8KjvZLNorWKiOZEpN3kJN7STHKCFn8M", "expire_date": "2026-04-19T16:01:18.948Z"}}, {"model": "sessions.session", "pk": "gte32ga5kk3iz5ybk1nkxsmm9a5z4fhq", "fields": {"session_data": ".eJxVjEsOwjAMBe-SNYrSOg4OS_acobLjlBZQIvWzQtydVuoCtm9m3tt0vC5Dt8556kY1F9OY0-8mnJ657EAfXO7VplqWaRS7K_ags71Vza_r4f4dDDwPWy0tZASmJjTAXj07cSmqyySsJE7PmACpj7gJATEg9BB9yhAotkTm8wXZ9zcc:1wFZQu:ZYwRJyngzaZj2-YSjLUO3OGQK5zJBqb98SUUpTQBA4E", "expire_date": "2026-04-22T15:54:08.884Z"}}, {"model": "sessions.session", "pk": "hb3vnycpxf913atuwfgg2ew0ks1qno67", "fields": {"session_data": ".eJxVjEsOwjAMBe-SNYrSOg4OS_acobLjlBZQIvWzQtydVuoCtm9m3tt0vC5Dt8556kY1F9OY0-8mnJ657EAfXO7VplqWaRS7K_ags71Vza_r4f4dDDwPWy0tZASmJjTAXj07cSmqyySsJE7PmACpj7gJATEg9BB9yhAotkTm8wXZ9zcc:1wEQ6j:Or-i-mv0-9SqObUwvjA1TyYupdkUAp-jUt2dZBs-Ltw", "expire_date": "2026-04-19T11:44:33.264Z"}}, {"model": "sessions.session", "pk": "i7tvj99jz5vbrmpd1ldv0fvcc7qjjvjh", "fields": {"session_data": ".eJxVjEsOwjAMBe-SNYrSOg4OS_acobLjlBZQIvWzQtydVuoCtm9m3tt0vC5Dt8556kY1F9OY0-8mnJ657EAfXO7VplqWaRS7K_ags71Vza_r4f4dDDwPWy0tZASmJjTAXj07cSmqyySsJE7PmACpj7gJATEg9BB9yhAotkTm8wXZ9zcc:1wDQPG:o7baq_OEBuuFn3C0dlBaqRSrPEn5YiaQ-fQH8kclMwo", "expire_date": "2026-04-16T17:51:34.824Z"}}, {"model": "sessions.session", "pk": "k0bknrkac7vz80ifngcpst0z17ykyz7l", "fields": {"session_data": ".eJxVjEsOwjAMBe-SNYrSOg4OS_acobLjlBZQIvWzQtydVuoCtm9m3tt0vC5Dt8556kY1F9OY0-8mnJ657EAfXO7VplqWaRS7K_ags71Vza_r4f4dDDwPWy0tZASmJjTAXj07cSmqyySsJE7PmACpj7gJATEg9BB9yhAotkTm8wXZ9zcc:1wEOZV:hA1uxRK7z5qsOVp6TPntIBcPj2JIFe7pzw_bi2JNkyM", "expire_date": "2026-04-19T10:06:09.690Z"}}, {"model": "sessions.session", "pk": "kz00llkjcwj59u13kkl96bb0ma7e3ga4", "fields": {"session_data": ".eJxVjEsOwjAMBe-SNYrSOg4OS_acobLjlBZQIvWzQtydVuoCtm9m3tt0vC5Dt8556kY1F9OY0-8mnJ657EAfXO7VplqWaRS7K_ags71Vza_r4f4dDDwPWy0tZASmJjTAXj07cSmqyySsJE7PmACpj7gJATEg9BB9yhAotkTm8wXZ9zcc:1wFrwi:PglBuCKFYJU8F1w_Mnam_Pqg4S-K7OrSh-4h5u8T7zY", "expire_date": "2026-04-23T11:40:12.113Z"}}, {"model": "sessions.session", "pk": "r4rlbiov1x5qpryfrirf64yidv48plvh", "fields": {"session_data": ".eJxVjEsOwjAMBe-SNYrSOg4OS_acobLjlBZQIvWzQtydVuoCtm9m3tt0vC5Dt8556kY1F9OY0-8mnJ657EAfXO7VplqWaRS7K_ags71Vza_r4f4dDDwPWy0tZASmJjTAXj07cSmqyySsJE7PmACpj7gJATEg9BB9yhAotkTm8wXZ9zcc:1wEZav:uX-_n1lR7zHzlbBs-0RRmf0sHO0E83qmiKmsf-WdIjQ", "expire_date": "2026-04-19T21:52:21.772Z"}}, {"model": "sessions.session", "pk": "s297fl2jpu31qh5naslwtr9hlfwkwtfz", "fields": {"session_data": ".eJxVjL0OwyAQg9-FuUL8gzp27zOgOw5K2opIIZmivnuJlKH14MGf7Z1F2NYat56XOBG7MssuvxlCeuV2AHpCe8w8zW1dJuRHhZ-08_tM-X07u38HFXod6-CUQAuIAMNNKaSVTFoHm9AJpSiL4rzDIC1AUspYI8nrIS-BbGKfL_SoN9s:1wEui6:57gSQmUWRVf1ADaHbEECWV4DvD4vQkRvpeFW80ER-lo", "expire_date": "2026-04-20T20:25:10.412Z"}}, {"model": "sessions.session", "pk": "ub2lmj4rri0rki2etjvf651t9j3d4tel", "fields": {"session_data": ".eJxVjEsOwjAMBe-SNYrSOg4OS_acobLjlBZQIvWzQtydVuoCtm9m3tt0vC5Dt8556kY1F9OY0-8mnJ657EAfXO7VplqWaRS7K_ags71Vza_r4f4dDDwPWy0tZASmJjTAXj07cSmqyySsJE7PmACpj7gJATEg9BB9yhAotkTm8wXZ9zcc:1wEqec:smvhsAHh3KpkR2V98XlGahDi4JGKePrvC8DPn3r2bw4", "expire_date": "2026-04-20T16:05:18.669Z"}}, {"model": "sessions.session", "pk": "vapstl3bc58fir40frtc2w9cb899a73e", "fields": {"session_data": ".eJxVjEsOwjAMBe-SNYrSOg4OS_acobLjlBZQIvWzQtydVuoCtm9m3tt0vC5Dt8556kY1F9OY0-8mnJ657EAfXO7VplqWaRS7K_ags71Vza_r4f4dDDwPWy0tZASmJjTAXj07cSmqyySsJE7PmACpj7gJATEg9BB9yhAotkTm8wXZ9zcc:1wFVfW:ID_4SzZkr94gm-NGdwEHYSOVAhzvoZ8uVx2kdvYCqvQ", "expire_date": "2026-04-22T11:52:58.226Z"}}, {"model": "sessions.session", "pk": "xpv10yidqh7rx2ejbvhu8fiyk7yz9m6e", "fields": {"session_data": ".eJxVjEsOwjAMBe-SNYrSOg4OS_acobLjlBZQIvWzQtydVuoCtm9m3tt0vC5Dt8556kY1F9OY0-8mnJ657EAfXO7VplqWaRS7K_ags71Vza_r4f4dDDwPWy0tZASmJjTAXj07cSmqyySsJE7PmACpj7gJATEg9BB9yhAotkTm8wXZ9zcc:1wEXfJ:abqKdXXD36IPkZ_ulFBg5599B0VN4xuCvmwyfAbqpAE", "expire_date": "2026-04-19T19:48:45.774Z"}}, {"model": "sessions.session", "pk": "xsuobc93q6p4pxwyccslxnihfb0m7k9k", "fields": {"session_data": ".eJxVjEsOwjAMBe-SNYrSOg4OS_acobLjlBZQIvWzQtydVuoCtm9m3tt0vC5Dt8556kY1F9OY0-8mnJ657EAfXO7VplqWaRS7K_ags71Vza_r4f4dDDwPWy0tZASmJjTAXj07cSmqyySsJE7PmACpj7gJATEg9BB9yhAotkTm8wXZ9zcc:1wDL1B:27VmdNiOxER53lPWEcoLLEOxEeQlLqTtj9LVgNr-5zc", "expire_date": "2026-04-16T12:06:21.935Z"}}, {"model": "sessions.session", "pk": "yofc5d40cuaxs906y667jbz9ernc5hsf", "fields": {"session_data": ".eJxVjMEOwiAQRP-FsyHAsoV69N5vILtApWpoUtqT8d9tkx70Npn3Zt4i0LaWsLW8hCmJq9Di8tsxxWeuB0gPqvdZxrmuy8TyUORJmxzmlF-30_07KNTKvu4BHVqbMeM4eogQrbUaNKccHWnwMaUOyTAzotqTMsYROeehUz1o8fkC1kk3Nw:1wFHFw:-4jEUikoffeC_bJTjHuYUDukuhHMNeODfc4IdYv-1zo", "expire_date": "2026-04-21T20:29:36.372Z"}}, {"model": "accounts.logconnexion", "pk": 1, "fields": {"utilisateur": 5, "date_connexion": "2026-04-22T11:22:01.244Z", "ip_adresse": "127.0.0.1"}}, {"model": "accounts.logconnexion", "pk": 2, "fields": {"utilisateur": 1, "date_connexion": "2026-04-22T11:22:17.453Z", "ip_adresse": "127.0.0.1"}}, {"model": "accounts.logconnexion", "pk": 3, "fields": {"utilisateur": 1, "date_connexion": "2026-04-22T14:56:26.762Z", "ip_adresse": "127.0.0.1"}}, {"model": "accounts.logconnexion", "pk": 4, "fields": {"utilisateur": 1, "date_connexion": "2026-04-22T21:00:29.645Z", "ip_adresse": "127.0.0.1"}}, {"model": "accounts.logconnexion", "pk": 5, "fields": {"utilisateur": 5, "date_connexion": "2026-04-23T10:46:20.001Z", "ip_adresse": "127.0.0.1"}}, {"model": "accounts.logconnexion", "pk": 6, "fields": {"utilisateur": 1, "date_connexion": "2026-04-23T10:47:32.223Z", "ip_adresse": "127.0.0.1"}}, {"model": "accounts.logconnexion", "pk": 7, "fields": {"utilisateur": 5, "date_connexion": "2026-04-23T11:00:49.013Z", "ip_adresse": "127.0.0.1"}}, {"model": "accounts.logconnexion", "pk": 8, "fields": {"utilisateur": 1, "date_connexion": "2026-04-23T11:02:42.578Z", "ip_adresse": "127.0.0.1"}}, {"model": "accounts.logconnexion", "pk": 9, "fields": {"utilisateur": 2, "date_connexion": "2026-04-23T11:05:50.335Z", "ip_adresse": "127.0.0.1"}}, {"model": "accounts.logconnexion", "pk": 10, "fields": {"utilisateur": 2, "date_connexion": "2026-04-23T11:08:13.410Z", "ip_adresse": "127.0.0.1"}}, {"model": "accounts.logconnexion", "pk": 11, "fields": {"utilisateur": 1, "date_connexion": "2026-04-23T11:09:49.326Z", "ip_adresse": "127.0.0.1"}}, {"model": "accounts.user", "pk": 1, "fields": {"password": "pbkdf2_sha256$600000$N9pu4TeX9Pxu2fAzqmaCj3$d8Z1itIJl6DRbHTsrbB/1VT2sZZ9QEUu/GETvo7FPj0=", "last_login": "2026-04-23T11:09:49.321Z", "is_superuser": true, "username": "hafid", "first_name": "", "last_name": "", "email": "68chadli@gmail.com", "is_staff": true, "is_active": true, "date_joined": "2026-04-16T11:28:01.323Z", "telephone": null, "est_actif": true, "session_key": null, "groups": [], "user_permissions": []}}, {"model": "accounts.user", "pk": 2, "fields": {"password": "pbkdf2_sha256$600000$g1drwlZk11aPQU3XEaiyPa$ukrwxWdFbd2WggMRXwg84KtmgXWWclIE88iSh9IB31c=", "last_login": "2026-04-23T11:08:13.405Z", "is_superuser": false, "username": "haffados", "first_name": "Abdelhafid", "last_name": "Chadli", "email": "68chadli@gmail.com", "is_staff": false, "is_active": true, "date_joined": "2026-04-19T19:12:59.487Z", "telephone": "0658695001", "est_actif": true, "session_key": null, "groups": [], "user_permissions": []}}, {"model": "accounts.user", "pk": 4, "fields": {"password": "pbkdf2_sha256$600000$fZ8RICoVfz3dtJNHXy1uyt$XQUUno4p65JHKIVFA7Sj+8PLmjTndGB5pKMyJM6O3UE=", "last_login": "2026-04-20T19:47:21.684Z", "is_superuser": false, "username": "haffados2", "first_name": "batoul", "last_name": "chadli", "email": "chadli68@yahoo.fr", "is_staff": false, "is_active": true, "date_joined": "2026-04-20T19:39:22.044Z", "telephone": "0658695001", "est_actif": true, "session_key": null, "groups": [], "user_permissions": []}}, {"model": "accounts.user", "pk": 5, "fields": {"password": "pbkdf2_sha256$600000$bnweUMVkbcbFMlRXPecmtD$SgFlYjJYXYIut7btLTTOv0bc15O0yNUssQA5HK6FSUo=", "last_login": "2026-04-23T11:00:49.006Z", "is_superuser": false, "username": "haffados3", "first_name": "haffados", "last_name": "haffados", "email": "chadli68@yahoo.fr", "is_staff": false, "is_active": true, "date_joined": "2026-04-20T19:50:21.003Z", "telephone": "0658695001", "est_actif": true, "session_key": null, "groups": [], "user_permissions": []}}, {"model": "courses.annee", "pk": 1, "fields": {"nom": "1ère AS", "ordre": 1}}, {"model": "courses.annee", "pk": 2, "fields": {"nom": "2ème AS", "ordre": 2}}, {"model": "courses.annee", "pk": 3, "fields": {"nom": "3ème AS", "ordre": 3}}, {"model": "courses.annee", "pk": 4, "fields": {"nom": "1ère AM", "ordre": 4}}, {"model": "courses.annee", "pk": 5, "fields": {"nom": "2ème AM", "ordre": 5}}, {"model": "courses.annee", "pk": 6, "fields": {"nom": "3ème AM", "ordre": 6}}, {"model": "courses.annee", "pk": 7, "fields": {"nom": "4ème AM", "ordre": 7}}, {"model": "courses.specialite", "pk": 1, "fields": {"nom": "Mathématiques", "description": "", "annees": [2, 3]}}, {"model": "courses.specialite", "pk": 2, "fields": {"nom": "Tronc commun scientifique", "description": "", "annees": [1]}}, {"model": "courses.specialite", "pk": 3, "fields": {"nom": "Tronc commun littéraire", "description": "", "annees": [1]}}, {"model": "courses.specialite", "pk": 4, "fields": {"nom": "Scientifique", "description": "", "annees": [2, 3]}}, {"model": "courses.matiere", "pk": 1, "fields": {"nom": "Mathématiques", "description": "", "specialites": [1, 4, 3, 2]}}, {"model": "courses.matiere", "pk": 2, "fields": {"nom": "Physique", "description": "", "specialites": [1, 4, 3, 2]}}, {"model": "courses.matiere", "pk": 3, "fields": {"nom": "Arabe", "description": "", "specialites": [1, 4, 3, 2]}}, {"model": "courses.enseignant", "pk": 1, "fields": {"nom": "Benali", "prenom": "Ahmed", "lycee": "Lycee El Amel", "biographie": "", "photo": "enseignants/IMG_20231105_0004.jpg", "matiere": 1}}, {"model": "courses.enseignant", "pk": 2, "fields": {"nom": "Chadli", "prenom": "Abdelhafid", "lycee": "Lycee Aflah", "biographie": "", "photo": "enseignants/IMG_20231105_0007.jpg", "matiere": 2}}, {"model": "courses.video", "pk": 1, "fields": {"titre": "Cours1: les fonctions", "type_video": "cours", "duree": "", "url_hebergement": "https://www.youtube.com/embed/LFJQVD1dolU?si=j9uxqwHaKknxNSTK", "description": "cours sur les bases des fonctions", "ordre": 1, "enseignant": 2}}, {"model": "courses.video", "pk": 2, "fields": {"titre": "Cours1: les lois de la physique", "type_video": "cours", "duree": "", "url_hebergement": "https://www.youtube.com/embed/FDTdm1326c4", "description": "", "ordre": 1, "enseignant": 1}}, {"model": "courses.video", "pk": 3, "fields": {"titre": "les variables", "type_video": "cours", "duree": "", "url_hebergement": "https://www.youtube.com/embed/tjNcKjRtlxs", "description": "les probabilités", "ordre": 2, "enseignant": 2}}, {"model": "courses.video", "pk": 4, "fields": {"titre": "les cercles", "type_video": "cours", "duree": "", "url_hebergement": "https://www.youtube.com/embed/lYKxVBMwqoI", "description": "", "ordre": 0, "enseignant": 1}}, {"model": "courses.pack", "pk": 1, "fields": {"nom": "Pack annuel Maths 1ère AS", "description": "Tous les cours de maths pour l'année", "prix": "2500.00", "type_pack": "annuel", "est_visible": true, "matieres": [1]}}, {"model": "courses.pack", "pk": 2, "fields": {"nom": "Pack semestriel physique 1ère AS", "description": "Cours de physique du trimestre 1", "prix": "1500.00", "type_pack": "trimestriel", "est_visible": true, "matieres": [2]}}, {"model": "courses.packvideo", "pk": 1, "fields": {"pack": 1, "video": 1, "ordre": 1, "est_video_explicative": true}}, {"model": "courses.packvideo", "pk": 2, "fields": {"pack": 1, "video": 3, "ordre": 2, "est_video_explicative": false}}, {"model": "courses.packvideo", "pk": 3, "fields": {"pack": 2, "video": 2, "ordre": 1, "est_video_explicative": true}}, {"model": "courses.packvideo", "pk": 4, "fields": {"pack": 2, "video": 4, "ordre": 2, "est_video_explicative": false}}, {"model": "orders.commande", "pk": 1, "fields": {"utilisateur": 2, "date_commande": "2026-04-19T20:40:22.959Z", "statut": "activee", "montant_total": "2500.00", "recu": "recus/Chadli-cachet.pdf", "motif_refus": null}}, {"model": "orders.commande", "pk": 3, "fields": {"utilisateur": 4, "date_commande": "2026-04-20T19:41:16.032Z", "statut": "activee", "montant_total": "1500.00", "recu": "recus/Passeport_sOT7kzq.pdf", "motif_refus": null}}, {"model": "orders.commande", "pk": 4, "fields": {"utilisateur": 5, "date_commande": "2026-04-20T19:51:53.097Z", "statut": "activee", "montant_total": "4000.00", "recu": "recus/Grille_evaluation-_chadli_abdelhafid_-_2023.pdf", "motif_refus": null}}, {"model": "orders.commande", "pk": 5, "fields": {"utilisateur": 5, "date_commande": "2026-04-21T19:39:24.769Z", "statut": "en_attente", "montant_total": "1500.00", "recu": "recus/Passeport_NYRKtZo.pdf", "motif_refus": null}}, {"model": "orders.commandepack", "pk": 1, "fields": {"commande": 1, "pack": 1, "prix_au_moment_achat": "2500.00"}}, {"model": "orders.commandepack", "pk": 3, "fields": {"commande": 3, "pack": 2, "prix_au_moment_achat": "1500.00"}}, {"model": "orders.commandepack", "pk": 4, "fields": {"commande": 4, "pack": 1, "prix_au_moment_achat": "2500.00"}}, {"model": "orders.commandepack", "pk": 5, "fields": {"commande": 4, "pack": 2, "prix_au_moment_achat": "1500.00"}}, {"model": "orders.commandepack", "pk": 6, "fields": {"commande": 5, "pack": 2, "prix_au_moment_achat": "1500.00"}}, {"model": "orders.accespack", "pk": 1, "fields": {"utilisateur": 2, "pack": 1, "date_activation": "2026-04-19T21:05:12.513Z", "date_expiration": "2026-04-22"}}, {"model": "orders.accespack", "pk": 4, "fields": {"utilisateur": 4, "pack": 2, "date_activation": "2026-04-20T19:43:26.785Z", "date_expiration": null}}, {"model": "orders.accespack", "pk": 5, "fields": {"utilisateur": 5, "pack": 1, "date_activation": "2026-04-20T19:54:02.857Z", "date_expiration": "2026-04-22"}}, {"model": "dashboard.parametres", "pk": 1, "fields": {"date_fin_annee": null, "acces_bloques": false}}]
